rating_id,ride_id,customer_id,rating,rating_given
5001,1001,1,4.5,True
5002,1002,2,5.0,True
5003,1003,3,4.0,True
5004,1004,1,4.5,True
5005,1005,4,3.5,True
5006,1006,5,4.8,True
5007,1007,6,4.2,True
5008,1008,7,4.9,True
5009,1009,8,3.8,True
5010,1010,9,4.7,True
5011,1011,10,4.4,True
5012,1012,11,4.1,True
5013,1013,12,4.6,True
5014,1014,2,4.9,True
5015,1015,3,4.0,True
5016,1016,4,4.2,True
5017,1017,5,4.8,True
5018,1018,6,4.0,True
5019,1019,1,4.7,True
5020,1020,7,4.9,True
5021,1021,8,3.5,True
5022,1022,9,4.8,True
5023,1023,10,4.3,True
5024,1024,11,4.2,True
5025,1025,12,4.6,True
