ride_id,customer_id,driver_id,start_time,end_time,trip_cost,rating,status,payment_method
1001,1,101,2026-09-01 08:00:00,2026-09-01 08:32:00,320,4.5,completed,cash
1002,2,102,2026-09-01 09:10:00,2026-09-01 09:40:00,450,5.0,completed,card
1003,3,103,2026-09-01 10:00:00,2026-09-01 10:25:00,280,4.0,completed,upi
1004,1,104,2026-09-01 11:15:00,2026-09-01 11:50:00,390,4.5,completed,wallet
1005,4,104,2026-09-01 12:00:00,2026-09-01 12:45:00,520,3.5,completed,cash
1006,5,105,2026-09-01 13:20:00,2026-09-01 14:00:00,610,4.8,completed,card
1007,6,106,2026-09-01 14:10:00,2026-09-01 14:55:00,700,4.2,completed,upi
1008,7,107,2026-09-01 15:00:00,2026-09-01 15:20:00,250,4.9,completed,wallet
1009,8,108,2026-09-01 16:00:00,2026-09-01 16:35:00,360,3.8,cancelled,cash
1010,9,101,2026-09-01 17:10:00,2026-09-01 17:55:00,480,4.7,completed,card
1011,10,102,2026-09-01 18:00:00,2026-09-01 18:30:00,430,4.4,completed,upi
1012,11,104,2026-09-01 18:20:00,2026-09-01 19:05:00,550,4.1,completed,cash
1013,12,105,2026-09-01 19:00:00,2026-09-01 19:25:00,310,4.6,completed,wallet
1014,2,102,2026-09-02 08:00:00,2026-09-02 08:50:00,900,4.9,completed,card
1015,3,103,2026-09-02 09:00:00,2026-09-02 08:55:00,300,4.0,completed,upi
1016,4,104,2026-09-02 10:00:00,2026-09-02 10:35:00,410,4.2,completed,wallet
1017,5,105,2026-09-02 11:00:00,2026-09-02 11:40:00,650,4.8,completed,card
1018,6,106,2026-09-02 12:00:00,2026-09-02 12:50:00,760,4.0,completed,cash
1019,1,101,2026-09-02 13:00:00,2026-09-02 13:20:00,290,4.7,completed,upi
1020,7,107,2026-09-02 14:00:00,2026-09-02 14:40:00,500,4.9,completed,card
1021,8,108,2026-09-02 15:00:00,2026-09-02 15:30:00,370,3.5,completed,cash
1022,9,101,2026-09-02 16:00:00,2026-09-02 16:45:00,490,4.8,completed,wallet
1023,10,102,2026-09-02 17:00:00,2026-09-02 17:35:00,460,4.3,completed,upi
1024,11,104,2026-09-02 18:00:00,2026-09-02 18:55:00,580,4.2,completed,card
1025,12,105,2026-09-02 19:00:00,2026-09-02 19:20:00,320,4.6,completed,cash
